{"cameraMode":{"drawMode":0,"name":"Shaded","section":"Shading Mode"},"sceneLighting":true,"audioPlay":false,"sceneViewState":{"showFog":true,"showMaterialUpdate":true,"showSkybox":true,"showFlares":true,"showImageEffects":true,"showParticleSystems":true},"in2DMode":false,"pivot":{"x":-1.2328732013702393,"y":-0.49829351902008059,"z":-0.6107749938964844},"rotation":{"x":-0.00448287557810545,"y":-0.08838359266519547,"z":-0.0003968592209275812,"w":0.996074914932251},"size":5.182686805725098,"orthographic":false}