{"cameraMode":{"drawMode":0,"name":"Shaded","section":"Shading Mode"},"sceneLighting":true,"audioPlay":false,"sceneViewState":{"showFog":true,"showMaterialUpdate":true,"showSkybox":true,"showFlares":true,"showImageEffects":true,"showParticleSystems":true},"in2DMode":false,"pivot":{"x":4.734493732452393,"y":2.618314504623413,"z":-0.2192336618900299},"rotation":{"x":0.06743622571229935,"y":-0.01945534721016884,"z":0.001315337372943759,"w":0.9975369572639465},"size":3.9366981983184816,"orthographic":false}