{"cameraMode":{"drawMode":0,"name":"Shaded","section":"Shading Mode"},"sceneLighting":true,"audioPlay":false,"sceneViewState":{"showFog":true,"showMaterialUpdate":true,"showSkybox":true,"showFlares":true,"showImageEffects":true,"showParticleSystems":true},"in2DMode":false,"pivot":{"x":-3.052837610244751,"y":-0.04820607602596283,"z":-0.9188632965087891},"rotation":{"x":-0.005661499686539173,"y":0.33112356066703799,"z":0.001987185562029481,"w":0.9435693621635437},"size":15.160006523132325,"orthographic":false}